{
  "IcoMoonType": "selection",
  "icons": [
    {
      "icon": {
        "paths": [
          "M558.28 576l28.44-185.32h-177.82v-120.26c0-50.7 24.84-100.12 104.48-100.12h80.84v-157.78s-73.36-12.52-143.5-12.52c-146.44 0-242.16 88.76-242.16 249.44v141.24h-162.78v185.32h162.78v448h200.34v-448z"
        ],
        "attrs": [
          {}
        ],
        "width": 640,
        "isMulticolor": false,
        "isMulticolor2": false,
        "grid": 0,
        "tags": [
          "facebook-f-brands"
        ]
      },
      "attrs": [
        {}
      ],
      "properties": {
        "order": 6,
        "id": 3,
        "name": "facebook-f-brands",
        "prevSize": 32,
        "code": 59648
      },
      "setIdx": 0,
      "setId": 2,
      "iconIdx": 0
    },
    {
      "icon": {
        "paths": [
          "M448.2 282c-127.2 0-229.8 102.6-229.8 229.8s102.6 229.8 229.8 229.8 229.8-102.6 229.8-229.8-102.6-229.8-229.8-229.8zM448.2 661.2c-82.2 0-149.4-67-149.4-149.4s67-149.4 149.4-149.4 149.4 67 149.4 149.4-67.2 149.4-149.4 149.4zM741 272.6c0 29.8-24 53.6-53.6 53.6-29.8 0-53.6-24-53.6-53.6s24-53.6 53.6-53.6 53.6 24 53.6 53.6zM893.2 327c-3.4-71.8-19.8-135.4-72.4-187.8-52.4-52.4-116-68.8-187.8-72.4-74-4.2-295.8-4.2-369.8 0-71.6 3.4-135.2 19.8-187.8 72.2s-68.8 116-72.4 187.8c-4.2 74-4.2 295.8 0 369.8 3.4 71.8 19.8 135.4 72.4 187.8s116 68.8 187.8 72.4c74 4.2 295.8 4.2 369.8 0 71.8-3.4 135.4-19.8 187.8-72.4 52.4-52.4 68.8-116 72.4-187.8 4.2-74 4.2-295.6 0-369.6zM797.6 776c-15.6 39.2-45.8 69.4-85.2 85.2-59 23.4-199 18-264.2 18s-205.4 5.2-264.2-18c-39.2-15.6-69.4-45.8-85.2-85.2-23.4-59-18-199-18-264.2s-5.2-205.4 18-264.2c15.6-39.2 45.8-69.4 85.2-85.2 59-23.4 199-18 264.2-18s205.4-5.2 264.2 18c39.2 15.6 69.4 45.8 85.2 85.2 23.4 59 18 199 18 264.2s5.4 205.4-18 264.2z"
        ],
        "attrs": [
          {}
        ],
        "width": 896,
        "isMulticolor": false,
        "isMulticolor2": false,
        "grid": 0,
        "tags": [
          "instagram-brands"
        ]
      },
      "attrs": [
        {}
      ],
      "properties": {
        "order": 3,
        "id": 2,
        "name": "instagram-brands",
        "prevSize": 32,
        "code": 59649
      },
      "setIdx": 0,
      "setId": 2,
      "iconIdx": 1
    },
    {
      "icon": {
        "paths": [
          "M200.56 896h-185.76v-598.2h185.76zM107.58 216.2c-59.4 0-107.58-49.2-107.58-108.6 0-59.415 48.165-107.58 107.58-107.58s107.58 48.165 107.58 107.58v0c0 59.4-48.2 108.6-107.58 108.6zM895.8 896h-185.36v-291.2c0-69.4-1.4-158.4-96.58-158.4-96.58 0-111.38 75.4-111.38 153.4v296.2h-185.56v-598.2h178.16v81.6h2.6c24.8-47 85.38-96.6 175.76-96.6 188 0 222.56 123.8 222.56 284.6v328.6z"
        ],
        "attrs": [
          {}
        ],
        "width": 896,
        "isMulticolor": false,
        "isMulticolor2": false,
        "grid": 0,
        "tags": [
          "linkedin-in-brands"
        ]
      },
      "attrs": [
        {}
      ],
      "properties": {
        "order": 4,
        "id": 1,
        "name": "linkedin-in-brands",
        "prevSize": 32,
        "code": 59650
      },
      "setIdx": 0,
      "setId": 2,
      "iconIdx": 2
    },
    {
      "icon": {
        "paths": [
          "M918.74 303.432c0.65 9.096 0.65 18.194 0.65 27.29 0 277.44-211.166 597.116-597.116 597.116-118.904 0-229.36-34.438-322.274-94.212 16.894 1.948 33.136 2.598 50.68 2.598 98.11 0 188.426-33.136 260.548-89.664-92.264-1.95-169.584-62.376-196.224-145.544 12.996 1.948 25.99 3.248 39.636 3.248 18.842 0 37.686-2.6 55.228-7.146-96.162-19.494-168.286-103.96-168.286-205.97v-2.598c27.938 15.594 60.428 25.34 94.862 26.638-56.528-37.686-93.562-102.010-93.562-174.782 0-38.984 10.394-74.72 28.588-105.908 103.31 127.35 258.6 210.516 432.73 219.614-3.248-15.594-5.198-31.836-5.198-48.080 0-115.656 93.564-209.868 209.868-209.868 60.426 0 115.004 25.34 153.34 66.274 47.43-9.096 92.912-26.64 133.198-50.68-15.596 48.732-48.732 89.666-92.264 115.654 42.234-4.546 83.168-16.244 120.852-32.486-28.584 41.582-64.322 78.616-105.256 108.506z"
        ],
        "attrs": [
          {}
        ],
        "isMulticolor": false,
        "isMulticolor2": false,
        "grid": 0,
        "tags": [
          "twitter-brands"
        ]
      },
      "attrs": [
        {}
      ],
      "properties": {
        "order": 5,
        "id": 0,
        "name": "twitter-brands",
        "prevSize": 32,
        "code": 59651
      },
      "setIdx": 0,
      "setId": 2,
      "iconIdx": 3
    },
    {
      "icon": {
        "paths": [
          "M981.188 160.108c-143.632-20.65-302.332-32.108-469.186-32.108-166.86 0-325.556 11.458-469.194 32.108-27.53 107.726-42.808 226.75-42.808 351.892 0 125.14 15.278 244.166 42.808 351.89 143.638 20.652 302.336 32.11 469.194 32.11 166.854 0 325.552-11.458 469.186-32.11 27.532-107.724 42.812-226.75 42.812-351.89 0-125.142-15.28-244.166-42.812-351.892zM384.002 704v-384l320 192-320 192z"
        ],
        "tags": [
          "play",
          "video",
          "movie"
        ],
        "defaultCode": 59666,
        "grid": 16,
        "attrs": []
      },
      "attrs": [],
      "properties": {
        "ligatures": "play, video",
        "name": "play",
        "order": 11,
        "id": 19,
        "prevSize": 32
      },
      "setIdx": 1,
      "setId": 1,
      "iconIdx": 18
    }
  ],
  "height": 1024,
  "preferences": {
    "showGlyphs": true,
    "showQuickUse": true,
    "showQuickUse2": true,
    "showSVGs": true,
    "fontPref": {
      "prefix": "icon-",
      "metadata": {
        "fontFamily": "icomoon"
      },
      "metrics": {
        "emSize": 1024,
        "baseline": 6.25,
        "whitespace": 50
      },
      "embed": false
    },
    "imagePref": {
      "prefix": "icon-",
      "png": true,
      "useClassSelector": true,
      "color": 0,
      "bgColor": 16777215,
      "classSelector": ".icon",
      "name": "icomoon"
    },
    "historySize": 50,
    "showCodes": true,
    "gridSize": 16
  }
}